{
  "X" : 0.59893798828125,
  "Y" : 0.753625214099884,
  "Current_Health" : 10,
  "Max_Health" : 10
}