{
  "X" : 0.977656245231628,
  "Y" : 0.985468745231628,
  "Current_Health" : 10,
  "Max_Health" : 10
}