{"cameraMode":{"drawMode":0,"name":"Shaded","section":"Shading Mode"},"sceneLighting":false,"audioPlay":false,"sceneViewState":{"showFog":true,"showMaterialUpdate":false,"showSkybox":true,"showFlares":true,"showImageEffects":true,"showParticleSystems":true},"in2DMode":false,"pivot":{"x":27.681730270385743,"y":24.011764526367189,"z":27.734237670898439},"rotation":{"x":-0.03629413619637489,"y":-0.02038779854774475,"z":0.0007406073855236173,"w":-0.999133288860321},"size":136.82412719726563,"orthographic":false}